tag,description,
Background,The context or history of a situation or individual.,
Education, School or university journey,
Research,The systematic investigation into and study of materials and sources in order to establish facts and reach new conclusions.,
Challenges,Difficulties or obstacles that are faced as part of a task or undertaking.,
Diversity,"The inclusion of individuals representing more than one national origin, color, religion, socioeconomic stratum, sexual orientation, etc.",
Culture,"The customs, arts, social institutions, and achievements of a particular nation, people, or other social group.",
Accomplishment,"Something that has been achieved successfully, often through effort, skill, or perseverance.",
,,
,,
,,
,,
,,
,,
,,
,,
,,